"Package","LibPath","Version","Priority","Depends","Imports","LinkingTo","Suggests","Enhances","License","License_is_FOSS","License_restricts_use","OS_type","MD5sum","NeedsCompilation","Built"
"adabag","C:/Users/lenovo/AppData/Local/R/win-library/4.4","5.0",NA,"rpart, caret, foreach, doParallel, R (>= 4.0.0)","methods, tidyr, dplyr, ConsRank (>= 2.1.3)",NA,"mlbench",NA,"GPL (>= 2)",NA,NA,NA,NA,"no","4.4.2"
"ash","C:/Users/lenovo/AppData/Local/R/win-library/4.4","1.0-15",NA,NA,NA,NA,NA,NA,"GPL (>= 2)",NA,NA,NA,NA,"yes","4.4.0"
"askpass","C:/Users/lenovo/AppData/Local/R/win-library/4.4","1.2.1",NA,NA,"sys (>= 2.1)",NA,"testthat",NA,"MIT + file LICENSE",NA,NA,NA,NA,"yes","4.4.2"
"backports","C:/Users/lenovo/AppData/Local/R/win-library/4.4","1.5.0",NA,"R (>= 3.0.0)",NA,NA,NA,NA,"GPL-2 | GPL-3",NA,NA,NA,NA,"yes","4.4.0"
"base64enc","C:/Users/lenovo/AppData/Local/R/win-library/4.4","0.1-3",NA,"R (>= 2.9.0)",NA,NA,NA,"png","GPL-2 | GPL-3",NA,NA,NA,NA,"yes","4.4.0"
"bit","C:/Users/lenovo/AppData/Local/R/win-library/4.4","4.5.0.1",NA,"R (>= 3.4.0)",NA,NA,"testthat (>= 0.11.0), roxygen2, knitr, markdown, rmarkdown,
microbenchmark, bit64 (>= 4.0.0), ff (>= 4.0.0)",NA,"GPL-2 | GPL-3",NA,NA,NA,NA,"yes","4.4.2"
"bit64","C:/Users/lenovo/AppData/Local/R/win-library/4.4","4.6.0-1",NA,"R (>= 3.4.0), bit (>= 4.0.0)","graphics, methods, stats, utils",NA,"testthat (>= 3.0.3), withr",NA,"GPL-2 | GPL-3",NA,NA,NA,NA,"yes","4.4.2"
"blob","C:/Users/lenovo/AppData/Local/R/win-library/4.4","1.2.4",NA,NA,"methods, rlang, vctrs (>= 0.2.1)",NA,"covr, crayon, pillar (>= 1.2.1), testthat",NA,"MIT + file LICENSE",NA,NA,NA,NA,"no","4.4.2"
"broom","C:/Users/lenovo/AppData/Local/R/win-library/4.4","1.0.7",NA,"R (>= 3.5)","backports, dplyr (>= 1.0.0), generics (>= 0.0.2), glue,
lifecycle, purrr, rlang, stringr, tibble (>= 3.0.0), tidyr (>=
1.0.0)",NA,"AER, AUC, bbmle, betareg (>= 3.2-1), biglm, binGroup, boot,
btergm (>= 1.10.6), car (>= 3.1-2), carData, caret, cluster,
cmprsk, coda, covr, drc, e1071, emmeans, epiR, ergm (>=
3.10.4), fixest (>= 0.9.0), gam (>= 1.15), gee, geepack,
ggplot2, glmnet, glmnetUtils, gmm, Hmisc, irlba, interp,
joineRML, Kendall, knitr, ks, Lahman, lavaan (>= 0.6.18),
leaps, lfe, lm.beta, lme4, lmodel2, lmtest (>= 0.9.38),
lsmeans, maps, margins, MASS, mclust, mediation, metafor, mfx,
mgcv, mlogit, modeldata, modeltests (>= 0.1.6), muhaz,
multcomp, network, nnet, orcutt (>= 2.2), ordinal, plm, poLCA,
psych, quantreg, rmarkdown, robust, robustbase, rsample,
sandwich, spdep (>= 1.1), spatialreg, speedglm, spelling,
survey, survival (>= 3.6-4), systemfit, testthat (>= 2.1.0),
tseries, vars, zoo",NA,"MIT + file LICENSE",NA,NA,NA,NA,"no","4.4.2"
"bslib","C:/Users/lenovo/AppData/Local/R/win-library/4.4","0.8.0",NA,"R (>= 2.10)","base64enc, cachem, fastmap (>= 1.1.1), grDevices, htmltools
(>= 0.5.8), jquerylib (>= 0.1.3), jsonlite, lifecycle, memoise
(>= 2.0.1), mime, rlang, sass (>= 0.4.9)",NA,"bsicons, curl, fontawesome, future, ggplot2, knitr, magrittr,
rappdirs, rmarkdown (>= 2.7), shiny (> 1.8.1), testthat,
thematic, withr",NA,"MIT + file LICENSE",NA,NA,NA,NA,"no","4.4.2"
"cachem","C:/Users/lenovo/AppData/Local/R/win-library/4.4","1.1.0",NA,NA,"rlang, fastmap (>= 1.2.0)",NA,"testthat",NA,"MIT + file LICENSE",NA,NA,NA,NA,"yes","4.4.2"
"callr","C:/Users/lenovo/AppData/Local/R/win-library/4.4","3.7.6",NA,"R (>= 3.4)","processx (>= 3.6.1), R6, utils",NA,"asciicast (>= 2.3.1), cli (>= 1.1.0), mockery, ps, rprojroot,
spelling, testthat (>= 3.2.0), withr (>= 2.3.0)",NA,"MIT + file LICENSE",NA,NA,NA,NA,"no","4.4.2"
"caret","C:/Users/lenovo/AppData/Local/R/win-library/4.4","7.0-1",NA,"ggplot2, lattice (>= 0.20), R (>= 3.2.0)","e1071, foreach, grDevices, methods, ModelMetrics (>= 1.2.2.2),
nlme, plyr, pROC, recipes (>= 0.1.10), reshape2, stats, stats4,
utils, withr (>= 2.0.0)",NA,"BradleyTerry2, covr, Cubist, dplyr, earth (>= 2.2-3),
ellipse, fastICA, gam (>= 1.15), ipred, kernlab, klaR, knitr,
MASS, Matrix, mda, mgcv, mlbench, MLmetrics, nnet, pamr, party
(>= 0.9-99992), pls, proxy, randomForest, RANN, rmarkdown,
rpart, spls, superpc, testthat (>= 0.9.1), themis (>= 0.1.3)",NA,"GPL (>= 2)",NA,NA,NA,NA,"yes","4.4.2"
"cellranger","C:/Users/lenovo/AppData/Local/R/win-library/4.4","1.1.0",NA,"R (>= 3.0.0)","rematch, tibble",NA,"covr, testthat (>= 1.0.0), knitr, rmarkdown",NA,"MIT + file LICENSE",NA,NA,NA,NA,"no","4.4.2"
"cli","C:/Users/lenovo/AppData/Local/R/win-library/4.4","3.6.3",NA,"R (>= 3.4)","utils",NA,"callr, covr, crayon, digest, glue (>= 1.6.0), grDevices,
htmltools, htmlwidgets, knitr, methods, mockery, processx, ps
(>= 1.3.4.9000), rlang (>= 1.0.2.9003), rmarkdown, rprojroot,
rstudioapi, testthat, tibble, whoami, withr",NA,"MIT + file LICENSE",NA,NA,NA,NA,"yes","4.4.2"
"clipr","C:/Users/lenovo/AppData/Local/R/win-library/4.4","0.8.0",NA,NA,"utils",NA,"covr, knitr, rmarkdown, rstudioapi (>= 0.5), testthat (>=
2.0.0)",NA,"GPL-3",NA,NA,NA,NA,"no","4.4.2"
"clock","C:/Users/lenovo/AppData/Local/R/win-library/4.4","0.7.2",NA,"R (>= 3.6.0)","cli (>= 3.6.1), lifecycle (>= 1.0.3), rlang (>= 1.1.0), tzdb
(>= 0.4.0), vctrs (>= 0.6.1)","cpp11 (>= 0.5.1), tzdb (>= 0.4.0)","covr, knitr, magrittr, pillar, rmarkdown, slider (>= 0.3.0),
testthat (>= 3.0.0), withr",NA,"MIT + file LICENSE",NA,NA,NA,NA,"yes","4.4.2"
"coin","C:/Users/lenovo/AppData/Local/R/win-library/4.4","1.4-3",NA,"R (>= 3.6.0), survival","methods, parallel, stats, stats4, utils, libcoin (>= 1.0-9),
matrixStats (>= 0.54.0), modeltools (>= 0.2-9), mvtnorm (>=
1.0-5), multcomp","libcoin (>= 1.0-9)","xtable, e1071, vcd, TH.data (>= 1.0-7)",NA,"GPL-2",NA,NA,NA,NA,"yes","4.4.2"
"colorspace","C:/Users/lenovo/AppData/Local/R/win-library/4.4","2.1-1",NA,"R (>= 3.0.0), methods","graphics, grDevices, stats",NA,"datasets, utils, KernSmooth, MASS, kernlab, mvtnorm, vcd,
tcltk, shiny, shinyjs, ggplot2, dplyr, scales, grid, png, jpeg,
knitr, rmarkdown, RColorBrewer, rcartocolor, scico, viridis,
wesanderson",NA,"BSD_3_clause + file LICENSE",NA,NA,NA,NA,"yes","4.4.2"
"commonmark","C:/Users/lenovo/AppData/Local/R/win-library/4.4","1.9.2",NA,NA,NA,NA,"curl, testthat, xml2",NA,"BSD_2_clause + file LICENSE",NA,NA,NA,NA,"yes","4.4.2"
"conflicted","C:/Users/lenovo/AppData/Local/R/win-library/4.4","1.2.0",NA,"R (>= 3.2)","cli (>= 3.4.0), memoise, rlang (>= 1.0.0)",NA,"callr, covr, dplyr, Matrix, methods, pkgload, testthat (>=
3.0.0), withr",NA,"MIT + file LICENSE",NA,NA,NA,NA,"no","4.4.2"
"ConsRank","C:/Users/lenovo/AppData/Local/R/win-library/4.4","2.1.4",NA,"rgl","rlist (>= 0.4.2), methods, proxy, gtools, tidyr",NA,NA,NA,"GPL-3",NA,NA,NA,NA,"no","4.4.2"
"cpp11","C:/Users/lenovo/AppData/Local/R/win-library/4.4","0.5.1",NA,"R (>= 4.0.0)",NA,NA,"bench, brio, callr, cli, covr, decor, desc, ggplot2, glue,
knitr, lobstr, mockery, progress, rmarkdown, scales, Rcpp,
testthat (>= 3.2.0), tibble, utils, vctrs, withr",NA,"MIT + file LICENSE",NA,NA,NA,NA,"no","4.4.2"
"crayon","C:/Users/lenovo/AppData/Local/R/win-library/4.4","1.5.3",NA,NA,"grDevices, methods, utils",NA,"mockery, rstudioapi, testthat, withr",NA,"MIT + file LICENSE",NA,NA,NA,NA,"no","4.4.2"
"crosstalk","C:/Users/lenovo/AppData/Local/R/win-library/4.4","1.2.1",NA,NA,"htmltools (>= 0.3.6), jsonlite, lazyeval, R6",NA,"shiny, ggplot2, testthat (>= 2.1.0), sass, bslib",NA,"MIT + file LICENSE",NA,NA,NA,NA,"no","4.4.2"
"Cubist","C:/Users/lenovo/AppData/Local/R/win-library/4.4","0.4.4",NA,"lattice","reshape2, utils",NA,"covr, dplyr (>= 0.7.4), knitr, mlbench, modeldata, rlang,
rmarkdown, rules, testthat (>= 3.0.0)",NA,"GPL-3",NA,NA,NA,NA,"yes","4.4.2"
"curl","C:/Users/lenovo/AppData/Local/R/win-library/4.4","6.2.0",NA,"R (>= 3.0.0)",NA,NA,"spelling, testthat (>= 1.0.0), knitr, jsonlite, later,
rmarkdown, httpuv (>= 1.4.4), webutils",NA,"MIT + file LICENSE",NA,NA,NA,NA,"yes","4.4.2"
"data.table","C:/Users/lenovo/AppData/Local/R/win-library/4.4","1.16.4",NA,"R (>= 3.3.0)","methods",NA,"bit64 (>= 4.0.0), bit (>= 4.0.4), R.utils, xts, zoo (>=
1.8-1), yaml, knitr, markdown",NA,"MPL-2.0 | file LICENSE",NA,NA,NA,NA,"yes","4.4.2"
"DBI","C:/Users/lenovo/AppData/Local/R/win-library/4.4","1.2.3",NA,"methods, R (>= 3.0.0)",NA,NA,"arrow, blob, covr, DBItest, dbplyr, downlit, dplyr, glue,
hms, knitr, magrittr, nanoarrow (>= 0.3.0.1), RMariaDB,
rmarkdown, rprojroot, RSQLite (>= 1.1-2), testthat (>= 3.0.0),
vctrs, xml2",NA,"LGPL (>= 2.1)",NA,NA,NA,NA,"no","4.4.2"
"dbplyr","C:/Users/lenovo/AppData/Local/R/win-library/4.4","2.5.0",NA,"R (>= 3.6)","blob (>= 1.2.0), cli (>= 3.6.1), DBI (>= 1.1.3), dplyr (>=
1.1.2), glue (>= 1.6.2), lifecycle (>= 1.0.3), magrittr,
methods, pillar (>= 1.9.0), purrr (>= 1.0.1), R6 (>= 2.2.2),
rlang (>= 1.1.1), tibble (>= 3.2.1), tidyr (>= 1.3.0),
tidyselect (>= 1.2.1), utils, vctrs (>= 0.6.3), withr (>=
2.5.0)",NA,"bit64, covr, knitr, Lahman, nycflights13, odbc (>= 1.4.2),
RMariaDB (>= 1.2.2), rmarkdown, RPostgres (>= 1.4.5),
RPostgreSQL, RSQLite (>= 2.3.1), testthat (>= 3.1.10)",NA,"MIT + file LICENSE",NA,NA,NA,NA,"no","4.4.2"
"diagram","C:/Users/lenovo/AppData/Local/R/win-library/4.4","1.6.5",NA,"R (>= 2.01), shape","stats, graphics",NA,NA,NA,"GPL (>= 2)",NA,NA,NA,NA,"no","4.4.0"
"DiagrammeR","C:/Users/lenovo/AppData/Local/R/win-library/4.4","1.0.11",NA,"R (>= 3.2)","dplyr (>= 1.0.7), glue (>= 1.5.0), htmltools (>= 0.5.2),
htmlwidgets (>= 1.5), igraph (>= 1.4.0), magrittr (>= 1.5),
purrr (>= 0.3.4), RColorBrewer (>= 1.1-2), readr (>= 2.1.1),
rlang (>= 1.1.0), cli, rstudioapi (>= 0.7), scales (>= 1.1),
stringr (>= 1.4), tibble (>= 3.1), tidyr (>= 1.1), viridisLite
(>= 0.4.2), visNetwork (>= 2.1.0)",NA,"curl, DiagrammeRsvg, knitr, rmarkdown, rsvg, testthat (>=
3.1.0), withr",NA,"MIT + file LICENSE",NA,NA,NA,NA,"no","4.4.2"
"diffobj","C:/Users/lenovo/AppData/Local/R/win-library/4.4","0.3.5",NA,"R (>= 3.1.0)","crayon (>= 1.3.2), tools, methods, utils, stats",NA,"knitr, rmarkdown",NA,"GPL-2 | GPL-3",NA,NA,NA,NA,"yes","4.4.2"
"digest","C:/Users/lenovo/AppData/Local/R/win-library/4.4","0.6.37",NA,"R (>= 3.3.0)","utils",NA,"tinytest, simplermarkdown",NA,"GPL (>= 2)",NA,NA,NA,NA,"yes","4.4.2"
"doParallel","C:/Users/lenovo/AppData/Local/R/win-library/4.4","1.0.17",NA,"R (>= 2.14.0), foreach (>= 1.2.0), iterators (>= 1.0.0),
parallel, utils",NA,NA,"caret, mlbench, rpart, RUnit","compiler","GPL-2",NA,NA,NA,NA,"no","4.4.2"
"downloader","C:/Users/lenovo/AppData/Local/R/win-library/4.4","0.4",NA,NA,"utils, digest",NA,"testthat",NA,"GPL-2",NA,NA,NA,NA,"no","4.4.2"
"dplyr","C:/Users/lenovo/AppData/Local/R/win-library/4.4","1.1.4",NA,"R (>= 3.5.0)","cli (>= 3.4.0), generics, glue (>= 1.3.2), lifecycle (>=
1.0.3), magrittr (>= 1.5), methods, pillar (>= 1.9.0), R6,
rlang (>= 1.1.0), tibble (>= 3.2.0), tidyselect (>= 1.2.0),
utils, vctrs (>= 0.6.4)",NA,"bench, broom, callr, covr, DBI, dbplyr (>= 2.2.1), ggplot2,
knitr, Lahman, lobstr, microbenchmark, nycflights13, purrr,
rmarkdown, RMySQL, RPostgreSQL, RSQLite, stringi (>= 1.7.6),
testthat (>= 3.1.5), tidyr (>= 1.3.0), withr",NA,"MIT + file LICENSE",NA,NA,NA,NA,"yes","4.4.2"
"dtplyr","C:/Users/lenovo/AppData/Local/R/win-library/4.4","1.3.1",NA,"R (>= 3.3)","cli (>= 3.4.0), data.table (>= 1.13.0), dplyr (>= 1.1.0),
glue, lifecycle, rlang (>= 1.0.4), tibble, tidyselect (>=
1.2.0), vctrs (>= 0.4.1)",NA,"bench, covr, knitr, rmarkdown, testthat (>= 3.1.2), tidyr (>=
1.1.0), waldo (>= 0.3.1)",NA,"MIT + file LICENSE",NA,NA,NA,NA,"no","4.4.2"
"e1071","C:/Users/lenovo/AppData/Local/R/win-library/4.4","1.7-16",NA,NA,"graphics, grDevices, class, stats, methods, utils, proxy",NA,"cluster, mlbench, nnet, randomForest, rpart, SparseM, xtable,
Matrix, MASS, slam",NA,"GPL-2 | GPL-3",NA,NA,NA,NA,"yes","4.4.2"
"ellipsis","C:/Users/lenovo/AppData/Local/R/win-library/4.4","0.3.2",NA,"R (>= 3.2)","rlang (>= 0.3.0)",NA,"covr, testthat",NA,"MIT + file LICENSE",NA,NA,NA,NA,"yes","4.4.2"
"evaluate","C:/Users/lenovo/AppData/Local/R/win-library/4.4","1.0.3",NA,"R (>= 3.6.0)",NA,NA,"callr, covr, ggplot2 (>= 3.3.6), lattice, methods, pkgload,
rlang, knitr, testthat (>= 3.0.0), withr",NA,"MIT + file LICENSE",NA,NA,NA,NA,"no","4.4.2"
"extrafont","C:/Users/lenovo/AppData/Local/R/win-library/4.4","0.19",NA,"R (>= 2.15)","extrafontdb, grDevices, utils, Rttf2pt1",NA,"fontcm",NA,"GPL-2",NA,NA,NA,NA,"no","4.4.0"
"extrafontdb","C:/Users/lenovo/AppData/Local/R/win-library/4.4","1.0",NA,"R (>= 2.14)",NA,NA,NA,NA,"GPL-2",NA,NA,NA,NA,NA,"4.4.0"
"fansi","C:/Users/lenovo/AppData/Local/R/win-library/4.4","1.0.6",NA,"R (>= 3.1.0)","grDevices, utils",NA,"unitizer, knitr, rmarkdown",NA,"GPL-2 | GPL-3",NA,NA,NA,NA,"yes","4.4.2"
"farver","C:/Users/lenovo/AppData/Local/R/win-library/4.4","2.1.2",NA,NA,NA,NA,"covr, testthat (>= 3.0.0)",NA,"MIT + file LICENSE",NA,NA,NA,NA,"yes","4.4.2"
"fastmap","C:/Users/lenovo/AppData/Local/R/win-library/4.4","1.2.0",NA,NA,NA,NA,"testthat (>= 2.1.1)",NA,"MIT + file LICENSE",NA,NA,NA,NA,"yes","4.4.2"
"fontawesome","C:/Users/lenovo/AppData/Local/R/win-library/4.4","0.5.3",NA,"R (>= 3.3.0)","rlang (>= 1.0.6), htmltools (>= 0.5.1.1)",NA,"covr, dplyr (>= 1.0.8), gt (>= 0.9.0), knitr (>= 1.31),
testthat (>= 3.0.0), rsvg",NA,"MIT + file LICENSE",NA,NA,NA,NA,"no","4.4.2"
"forcats","C:/Users/lenovo/AppData/Local/R/win-library/4.4","1.0.0",NA,"R (>= 3.4)","cli (>= 3.4.0), glue, lifecycle, magrittr, rlang (>= 1.0.0),
tibble",NA,"covr, dplyr, ggplot2, knitr, readr, rmarkdown, testthat (>=
3.0.0), withr",NA,"MIT + file LICENSE",NA,NA,NA,NA,"no","4.4.2"
"foreach","C:/Users/lenovo/AppData/Local/R/win-library/4.4","1.5.2",NA,"R (>= 2.5.0)","codetools, utils, iterators",NA,"randomForest, doMC, doParallel, testthat, knitr, rmarkdown",NA,"Apache License (== 2.0)",NA,NA,NA,NA,"no","4.4.2"
"fs","C:/Users/lenovo/AppData/Local/R/win-library/4.4","1.6.5",NA,"R (>= 3.6)","methods",NA,"covr, crayon, knitr, pillar (>= 1.0.0), rmarkdown, spelling,
testthat (>= 3.0.0), tibble (>= 1.1.0), vctrs (>= 0.3.0), withr",NA,"MIT + file LICENSE",NA,NA,NA,NA,"yes","4.4.2"
"future","C:/Users/lenovo/AppData/Local/R/win-library/4.4","1.34.0",NA,NA,"digest, globals (>= 0.16.1), listenv (>= 0.8.0), parallel,
parallelly (>= 1.38.0), utils",NA,"methods, RhpcBLASctl, R.rsp, markdown",NA,"LGPL (>= 2.1)",NA,NA,NA,NA,"no","4.4.2"
"future.apply","C:/Users/lenovo/AppData/Local/R/win-library/4.4","1.11.3",NA,"R (>= 3.2.0), future (>= 1.28.0)","globals (>= 0.16.1), parallel, utils",NA,"datasets, stats, tools, listenv (>= 0.8.0), R.rsp, markdown",NA,"GPL (>= 2)",NA,NA,NA,NA,"no","4.4.2"
"gargle","C:/Users/lenovo/AppData/Local/R/win-library/4.4","1.5.2",NA,"R (>= 3.6)","cli (>= 3.0.1), fs (>= 1.3.1), glue (>= 1.3.0), httr (>=
1.4.5), jsonlite, lifecycle, openssl, rappdirs, rlang (>=
1.1.0), stats, utils, withr",NA,"aws.ec2metadata, aws.signature, covr, httpuv, knitr,
rmarkdown, sodium, spelling, testthat (>= 3.1.7)",NA,"MIT + file LICENSE",NA,NA,NA,NA,"no","4.4.2"
"generics","C:/Users/lenovo/AppData/Local/R/win-library/4.4","0.1.3",NA,"R (>= 3.2)","methods",NA,"covr, pkgload, testthat (>= 3.0.0), tibble, withr",NA,"MIT + file LICENSE",NA,NA,NA,NA,"no","4.4.2"
"ggalt","C:/Users/lenovo/AppData/Local/R/win-library/4.4","0.4.0",NA,"R (>= 3.2.0), ggplot2 (>= 2.2.1)","utils, graphics, grDevices, dplyr, RColorBrewer, KernSmooth,
proj4, scales, grid, gtable, ash, maps, MASS, extrafont,
tibble, plotly (>= 3.4.1)",NA,"testthat, gridExtra, knitr, rmarkdown, ggthemes, reshape2",NA,"AGPL + file LICENSE",NA,NA,NA,NA,"no","4.4.2"
"ggbump","C:/Users/lenovo/AppData/Local/R/win-library/4.4","0.1.0",NA,NA,"ggplot2, dplyr, purrr, tidyr",NA,"testthat (>= 2.1.0)",NA,"MIT + file LICENSE",NA,NA,NA,NA,"no","4.4.2"
"ggplot2","C:/Users/lenovo/AppData/Local/R/win-library/4.4","3.5.1",NA,"R (>= 3.5)","cli, glue, grDevices, grid, gtable (>= 0.1.1), isoband,
lifecycle (> 1.0.1), MASS, mgcv, rlang (>= 1.1.0), scales (>=
1.3.0), stats, tibble, vctrs (>= 0.6.0), withr (>= 2.5.0)",NA,"covr, dplyr, ggplot2movies, hexbin, Hmisc, knitr, mapproj,
maps, multcomp, munsell, nlme, profvis, quantreg, ragg (>=
1.2.6), RColorBrewer, rmarkdown, rpart, sf (>= 0.7-3), svglite
(>= 2.1.2), testthat (>= 3.1.2), vdiffr (>= 1.0.6), xml2","sp","MIT + file LICENSE",NA,NA,NA,NA,"no","4.4.2"
"ggridges","C:/Users/lenovo/AppData/Local/R/win-library/4.4","0.5.6",NA,"R (>= 3.2)","ggplot2 (>= 3.4.0), grid (>= 3.0.0), scales (>= 0.4.1), withr
(>= 2.1.1)",NA,"covr, dplyr, patchwork, ggplot2movies, forcats, knitr,
rmarkdown, testthat, vdiffr",NA,"GPL-2 | file LICENSE",NA,NA,NA,NA,"no","4.4.2"
"ggtext","C:/Users/lenovo/AppData/Local/R/win-library/4.4","0.1.2",NA,"R (>= 3.5)","ggplot2 (>= 3.3.0), grid, gridtext, rlang, scales",NA,"cowplot, dplyr, glue, knitr, rmarkdown, testthat, vdiffr",NA,"GPL-2",NA,NA,NA,NA,"no","4.4.2"
"glmnet","C:/Users/lenovo/AppData/Local/R/win-library/4.4","4.1-8",NA,"R (>= 3.6.0), Matrix (>= 1.0-6)","methods, utils, foreach, shape, survival, Rcpp","RcppEigen, Rcpp","knitr, lars, testthat, xfun, rmarkdown",NA,"GPL-2",NA,NA,NA,NA,"yes","4.4.2"
"globals","C:/Users/lenovo/AppData/Local/R/win-library/4.4","0.16.3",NA,"R (>= 3.1.2)","codetools",NA,NA,NA,"LGPL (>= 2.1)",NA,NA,NA,NA,"no","4.4.0"
"glue","C:/Users/lenovo/AppData/Local/R/win-library/4.4","1.8.0",NA,"R (>= 3.6)","methods",NA,"crayon, DBI (>= 1.2.0), dplyr, knitr, magrittr, rlang,
rmarkdown, RSQLite, testthat (>= 3.2.0), vctrs (>= 0.3.0),
waldo (>= 0.5.3), withr",NA,"MIT + file LICENSE",NA,NA,NA,NA,"yes","4.4.2"
"googledrive","C:/Users/lenovo/AppData/Local/R/win-library/4.4","2.1.1",NA,"R (>= 3.6)","cli (>= 3.0.0), gargle (>= 1.5.0), glue (>= 1.4.2), httr,
jsonlite, lifecycle, magrittr, pillar (>= 1.9.0), purrr (>=
1.0.1), rlang (>= 1.0.2), tibble (>= 2.0.0), utils, uuid, vctrs
(>= 0.3.0), withr",NA,"curl, dplyr (>= 1.0.0), knitr, mockr, rmarkdown, spelling,
testthat (>= 3.1.3)",NA,"MIT + file LICENSE",NA,NA,NA,NA,"no","4.4.2"
"googlesheets4","C:/Users/lenovo/AppData/Local/R/win-library/4.4","1.1.1",NA,"R (>= 3.6)","cellranger, cli (>= 3.0.0), curl, gargle (>= 1.5.0), glue (>=
1.3.0), googledrive (>= 2.1.0), httr, ids, lifecycle, magrittr,
methods, purrr, rematch2, rlang (>= 1.0.2), tibble (>= 2.1.1),
utils, vctrs (>= 0.2.3), withr",NA,"readr, rmarkdown, spelling, testthat (>= 3.1.7)",NA,"MIT + file LICENSE",NA,NA,NA,NA,"no","4.4.2"
"gower","C:/Users/lenovo/AppData/Local/R/win-library/4.4","1.0.2",NA,NA,NA,NA,"tinytest (>= 0.9.3),",NA,"GPL-3",NA,NA,NA,NA,"yes","4.4.2"
"gridExtra","C:/Users/lenovo/AppData/Local/R/win-library/4.4","2.3",NA,NA,"gtable, grid, grDevices, graphics, utils",NA,"ggplot2, egg, lattice, knitr, testthat",NA,"GPL (>= 2)",NA,NA,NA,NA,"no","4.4.2"
"gridtext","C:/Users/lenovo/AppData/Local/R/win-library/4.4","0.1.5",NA,"R (>= 3.5)","curl, grid, grDevices, markdown, rlang, Rcpp, png, jpeg,
stringr, xml2","Rcpp","covr, knitr, rmarkdown, testthat, vdiffr",NA,"MIT + file LICENSE",NA,NA,NA,NA,"yes","4.4.2"
"gtable","C:/Users/lenovo/AppData/Local/R/win-library/4.4","0.3.6",NA,"R (>= 4.0)","cli, glue, grid, lifecycle, rlang (>= 1.1.0), stats",NA,"covr, ggplot2, knitr, profvis, rmarkdown, testthat (>= 3.0.0)",NA,"MIT + file LICENSE",NA,NA,NA,NA,"no","4.4.2"
"gtools","C:/Users/lenovo/AppData/Local/R/win-library/4.4","3.9.5",NA,"methods, stats, utils",NA,NA,"car, gplots, knitr, rstudioapi, SGP, taxize",NA,"GPL-2",NA,NA,NA,NA,"yes","4.4.2"
"hardhat","C:/Users/lenovo/AppData/Local/R/win-library/4.4","1.4.0",NA,"R (>= 3.5.0)","cli (>= 3.6.0), glue (>= 1.6.2), rlang (>= 1.1.0), tibble (>=
3.2.1), vctrs (>= 0.6.0)",NA,"covr, crayon, devtools, knitr, Matrix, modeldata (>= 0.0.2),
recipes (>= 1.0.5), rmarkdown (>= 2.3), roxygen2, testthat (>=
3.0.0), usethis (>= 2.1.5), withr (>= 3.0.0)",NA,"MIT + file LICENSE",NA,NA,NA,NA,"no","4.4.2"
"haven","C:/Users/lenovo/AppData/Local/R/win-library/4.4","2.5.4",NA,"R (>= 3.6)","cli (>= 3.0.0), forcats (>= 0.2.0), hms, lifecycle, methods,
readr (>= 0.1.0), rlang (>= 0.4.0), tibble, tidyselect, vctrs
(>= 0.3.0)","cpp11","covr, crayon, fs, knitr, pillar (>= 1.4.0), rmarkdown,
testthat (>= 3.0.0), utf8",NA,"MIT + file LICENSE",NA,NA,NA,NA,"yes","4.4.2"
"here","C:/Users/lenovo/AppData/Local/R/win-library/4.4","1.0.1",NA,NA,"rprojroot (>= 2.0.2)",NA,"conflicted, covr, fs, knitr, palmerpenguins, plyr, readr,
rlang, rmarkdown, testthat, uuid, withr",NA,"MIT + file LICENSE",NA,NA,NA,NA,"no","4.4.2"
"highr","C:/Users/lenovo/AppData/Local/R/win-library/4.4","0.11",NA,"R (>= 3.3.0)","xfun (>= 0.18)",NA,"knitr, markdown, testit",NA,"GPL",NA,NA,NA,NA,"no","4.4.2"
"hms","C:/Users/lenovo/AppData/Local/R/win-library/4.4","1.1.3",NA,NA,"lifecycle, methods, pkgconfig, rlang (>= 1.0.2), vctrs (>=
0.3.8)",NA,"crayon, lubridate, pillar (>= 1.1.0), testthat (>= 3.0.0)",NA,"MIT + file LICENSE",NA,NA,NA,NA,"no","4.4.2"
"htmltools","C:/Users/lenovo/AppData/Local/R/win-library/4.4","0.5.8.1",NA,"R (>= 2.14.1)","base64enc, digest, fastmap (>= 1.1.0), grDevices, rlang (>=
1.0.0), utils",NA,"Cairo, markdown, ragg, shiny, testthat, withr","knitr","GPL (>= 2)",NA,NA,NA,NA,"yes","4.4.2"
"htmlwidgets","C:/Users/lenovo/AppData/Local/R/win-library/4.4","1.6.4",NA,NA,"grDevices, htmltools (>= 0.5.7), jsonlite (>= 0.9.16), knitr
(>= 1.8), rmarkdown, yaml",NA,"testthat","shiny (>= 1.1)","MIT + file LICENSE",NA,NA,NA,NA,"no","4.4.2"
"httr","C:/Users/lenovo/AppData/Local/R/win-library/4.4","1.4.7",NA,"R (>= 3.5)","curl (>= 5.0.2), jsonlite, mime, openssl (>= 0.8), R6",NA,"covr, httpuv, jpeg, knitr, png, readr, rmarkdown, testthat
(>= 0.8.0), xml2",NA,"MIT + file LICENSE",NA,NA,NA,NA,"no","4.4.2"
"ids","C:/Users/lenovo/AppData/Local/R/win-library/4.4","1.0.1",NA,NA,"openssl, uuid",NA,"knitr, rcorpora, rmarkdown, testthat",NA,"MIT + file LICENSE",NA,NA,NA,NA,"no","4.4.2"
"igraph","C:/Users/lenovo/AppData/Local/R/win-library/4.4","2.1.4",NA,"methods, R (>= 3.5.0)","cli, graphics, grDevices, lifecycle, magrittr, Matrix,
pkgconfig (>= 2.0.0), rlang, stats, utils, vctrs","cpp11 (>= 0.5.0)","ape (>= 5.7-0.1), callr, decor, digest, igraphdata, knitr,
rgl (>= 1.3.14), rmarkdown, scales, stats4, tcltk, testthat,
vdiffr, withr","graph","GPL (>= 2)",NA,NA,NA,NA,"yes","4.4.2"
"influenceR","C:/Users/lenovo/AppData/Local/R/win-library/4.4","0.1.5",NA,"R (>= 3.2.0)","igraph (>= 1.0.1), Matrix (>= 1.1-4), methods, utils",NA,"testthat",NA,"GPL-2",NA,NA,NA,NA,"yes","4.4.2"
"ipred","C:/Users/lenovo/AppData/Local/R/win-library/4.4","0.9-15",NA,"R (>= 2.10)","rpart (>= 3.1-8), MASS, survival, nnet, class, prodlim",NA,"mvtnorm, mlbench, TH.data, randomForest, party",NA,"GPL (>= 2)",NA,NA,NA,NA,"yes","4.4.2"
"isoband","C:/Users/lenovo/AppData/Local/R/win-library/4.4","0.2.7",NA,NA,"grid, utils",NA,"covr, ggplot2, knitr, magick, microbenchmark, rmarkdown, sf,
testthat, xml2",NA,"MIT + file LICENSE",NA,NA,NA,NA,"yes","4.4.2"
"iterators","C:/Users/lenovo/AppData/Local/R/win-library/4.4","1.0.14",NA,"R (>= 2.5.0), utils",NA,NA,"RUnit, foreach",NA,"Apache License (== 2.0)",NA,NA,NA,NA,"no","4.4.2"
"janitor","C:/Users/lenovo/AppData/Local/R/win-library/4.4","2.2.1",NA,"R (>= 3.1.2)","dplyr (>= 1.0.0), hms, lifecycle, lubridate, magrittr, purrr,
rlang, stringi, stringr, snakecase (>= 0.9.2), tidyselect (>=
1.0.0), tidyr (>= 0.7.0)",NA,"dbplyr, knitr, rmarkdown, RSQLite, sf, testthat (>= 3.0.0),
tibble, tidygraph",NA,"MIT + file LICENSE",NA,NA,NA,NA,"no","4.4.2"
"jpeg","C:/Users/lenovo/AppData/Local/R/win-library/4.4","0.1-10",NA,"R (>= 2.9.0)",NA,NA,NA,NA,"GPL-2 | GPL-3",NA,NA,NA,NA,"yes","4.4.0"
"jquerylib","C:/Users/lenovo/AppData/Local/R/win-library/4.4","0.1.4",NA,NA,"htmltools",NA,"testthat",NA,"MIT + file LICENSE",NA,NA,NA,NA,"no","4.4.2"
"jsonlite","C:/Users/lenovo/AppData/Local/R/win-library/4.4","1.8.9",NA,"methods",NA,NA,"httr, vctrs, testthat, knitr, rmarkdown, R.rsp, sf",NA,"MIT + file LICENSE",NA,NA,NA,NA,"yes","4.4.2"
"kernlab","C:/Users/lenovo/AppData/Local/R/win-library/4.4","0.9-33",NA,"R (>= 2.10)","methods, stats, grDevices, graphics",NA,NA,NA,"GPL-2",NA,NA,NA,NA,"yes","4.4.1"
"kknn","C:/Users/lenovo/AppData/Local/R/win-library/4.4","1.3.1",NA,"R (>= 2.10)","igraph (>= 1.0), Matrix, stats, graphics",NA,NA,NA,"GPL (>= 2)",NA,NA,NA,NA,"yes","4.4.2"
"knitr","C:/Users/lenovo/AppData/Local/R/win-library/4.4","1.49",NA,"R (>= 3.6.0)","evaluate (>= 0.15), highr (>= 0.11), methods, tools, xfun (>=
0.48), yaml (>= 2.1.19)",NA,"bslib, codetools, DBI (>= 0.4-1), digest, formatR, gifski,
gridSVG, htmlwidgets (>= 0.7), jpeg, JuliaCall (>= 0.11.1),
magick, litedown, markdown (>= 1.3), png, ragg, reticulate (>=
1.4), rgl (>= 0.95.1201), rlang, rmarkdown, sass, showtext,
styler (>= 1.2.0), targets (>= 0.6.0), testit, tibble,
tikzDevice (>= 0.10), tinytex (>= 0.46), webshot, rstudioapi,
svglite",NA,"GPL",NA,NA,NA,NA,"no","4.4.2"
"labeling","C:/Users/lenovo/AppData/Local/R/win-library/4.4","0.4.3",NA,NA,"stats, graphics",NA,NA,NA,"MIT + file LICENSE | Unlimited",NA,NA,NA,NA,"no","4.4.0"
"later","C:/Users/lenovo/AppData/Local/R/win-library/4.4","1.4.1",NA,NA,"Rcpp (>= 0.12.9), rlang","Rcpp","knitr, nanonext, R6, rmarkdown, testthat (>= 2.1.0)",NA,"MIT + file LICENSE",NA,NA,NA,NA,"yes","4.4.2"
"lava","C:/Users/lenovo/AppData/Local/R/win-library/4.4","1.8.1",NA,"R (>= 3.0)","cli, future.apply, graphics, grDevices, methods, numDeriv,
progressr, stats, survival, SQUAREM, utils",NA,"KernSmooth, Rgraphviz, data.table, ellipse, fields, geepack,
graph, knitr, rmarkdown, igraph (>= 0.6), lavaSearch2, lme4 (>=
1.1.35.1), MASS, Matrix (>= 1.6.3), mets (>= 1.1), nlme,
optimx, polycor, quantreg, rgl, targeted (>= 0.4), testthat (>=
0.11), visNetwork",NA,"GPL-3",NA,NA,NA,NA,"no","4.4.2"
"lazyeval","C:/Users/lenovo/AppData/Local/R/win-library/4.4","0.2.2",NA,"R (>= 3.1.0)",NA,NA,"knitr, rmarkdown (>= 0.2.65), testthat, covr",NA,"GPL-3",NA,NA,NA,NA,"yes","4.4.2"
"libcoin","C:/Users/lenovo/AppData/Local/R/win-library/4.4","1.0-10",NA,"R (>= 3.4.0)","stats, mvtnorm","mvtnorm","coin",NA,"GPL-2",NA,NA,NA,NA,"yes","4.4.2"
"lifecycle","C:/Users/lenovo/AppData/Local/R/win-library/4.4","1.0.4",NA,"R (>= 3.6)","cli (>= 3.4.0), glue, rlang (>= 1.1.0)",NA,"covr, crayon, knitr, lintr, rmarkdown, testthat (>= 3.0.1),
tibble, tidyverse, tools, vctrs, withr",NA,"MIT + file LICENSE",NA,NA,NA,NA,"no","4.4.2"
"listenv","C:/Users/lenovo/AppData/Local/R/win-library/4.4","0.9.1",NA,"R (>= 3.1.2)",NA,NA,"R.utils, R.rsp, markdown",NA,"LGPL (>= 2.1)",NA,NA,NA,NA,"no","4.4.2"
"lubridate","C:/Users/lenovo/AppData/Local/R/win-library/4.4","1.9.4",NA,"methods, R (>= 3.2)","generics, timechange (>= 0.3.0)",NA,"covr, knitr, rmarkdown, testthat (>= 2.1.0), vctrs (>= 0.6.5)","chron, data.table, timeDate, tis, zoo","GPL (>= 2)",NA,NA,NA,NA,"yes","4.4.2"
"magrittr","C:/Users/lenovo/AppData/Local/R/win-library/4.4","2.0.3",NA,"R (>= 3.4.0)",NA,NA,"covr, knitr, rlang, rmarkdown, testthat",NA,"MIT + file LICENSE",NA,NA,NA,NA,"yes","4.4.2"
"maps","C:/Users/lenovo/AppData/Local/R/win-library/4.4","3.4.2.1",NA,"R (>= 3.5.0)","graphics, utils",NA,"mapproj (>= 1.2-0), mapdata (>= 2.3.0), sp, rnaturalearth",NA,"GPL-2",NA,NA,NA,NA,"yes","4.4.2"
"markdown","C:/Users/lenovo/AppData/Local/R/win-library/4.4","1.13",NA,"R (>= 2.11.1)","utils, commonmark (>= 1.9.0), xfun (>= 0.38)",NA,"knitr, rmarkdown (>= 2.18), yaml, RCurl",NA,"MIT + file LICENSE",NA,NA,NA,NA,"no","4.4.2"
"matrixStats","C:/Users/lenovo/AppData/Local/R/win-library/4.4","1.5.0",NA,"R (>= 3.4.0)",NA,NA,"utils, base64enc, ggplot2, knitr, markdown, microbenchmark,
R.devices, R.rsp",NA,"Artistic-2.0",NA,NA,NA,NA,"yes","4.4.2"
"mda","C:/Users/lenovo/AppData/Local/R/win-library/4.4","0.5-5",NA,"R (>= 3.5.0), stats, class",NA,NA,"earth, testthat",NA,"GPL-2",NA,NA,NA,NA,"yes","4.4.2"
"memoise","C:/Users/lenovo/AppData/Local/R/win-library/4.4","2.0.1",NA,NA,"rlang (>= 0.4.10), cachem",NA,"digest, aws.s3, covr, googleAuthR, googleCloudStorageR, httr,
testthat",NA,"MIT + file LICENSE",NA,NA,NA,NA,"no","4.4.2"
"mime","C:/Users/lenovo/AppData/Local/R/win-library/4.4","0.12",NA,NA,"tools",NA,NA,NA,"GPL",NA,NA,NA,NA,"yes","4.4.0"
"ModelMetrics","C:/Users/lenovo/AppData/Local/R/win-library/4.4","1.2.2.2",NA,"R (>= 3.2.2)","Rcpp, data.table","Rcpp","testthat",NA,"GPL (>= 2)",NA,NA,NA,NA,"yes","4.4.2"
"modelr","C:/Users/lenovo/AppData/Local/R/win-library/4.4","0.1.11",NA,"R (>= 3.2)","broom, magrittr, purrr (>= 0.2.2), rlang (>= 1.0.6), tibble,
tidyr (>= 0.8.0), tidyselect, vctrs",NA,"compiler, covr, ggplot2, testthat (>= 3.0.0)",NA,"GPL-3",NA,NA,NA,NA,"no","4.4.2"
"modeltools","C:/Users/lenovo/AppData/Local/R/win-library/4.4","0.2-23",NA,"stats, stats4","methods",NA,NA,NA,"GPL-2",NA,NA,NA,NA,"no","4.4.0"
"multcomp","C:/Users/lenovo/AppData/Local/R/win-library/4.4","1.4-26",NA,"stats, graphics, mvtnorm (>= 1.0-10), survival (>= 2.39-4),
TH.data (>= 1.0-2)","sandwich (>= 2.3-0), codetools",NA,"lme4 (>= 0.999375-16), nlme, robustbase, coin, MASS, foreign,
xtable, lmtest, coxme (>= 2.2-1), SimComp, ISwR, tram (>=
0.2-5), fixest (>= 0.10), glmmTMB",NA,"GPL-2",NA,NA,NA,NA,"no","4.4.2"
"munsell","C:/Users/lenovo/AppData/Local/R/win-library/4.4","0.5.1",NA,NA,"colorspace, methods",NA,"ggplot2, testthat",NA,"MIT + file LICENSE",NA,NA,NA,NA,"no","4.4.2"
"mvtnorm","C:/Users/lenovo/AppData/Local/R/win-library/4.4","1.3-3",NA,"R(>= 3.5.0)","stats",NA,"qrng, numDeriv",NA,"GPL-2",NA,NA,NA,NA,"yes","4.4.2"
"numDeriv","C:/Users/lenovo/AppData/Local/R/win-library/4.4","2016.8-1.1",NA,"R (>= 2.11.1)",NA,NA,NA,NA,"GPL-2",NA,NA,NA,NA,"no","4.4.0"
"openssl","C:/Users/lenovo/AppData/Local/R/win-library/4.4","2.3.1",NA,NA,"askpass",NA,"curl, testthat (>= 2.1.0), digest, knitr, rmarkdown,
jsonlite, jose, sodium",NA,"MIT + file LICENSE",NA,NA,NA,NA,"yes","4.4.2"
"parallelly","C:/Users/lenovo/AppData/Local/R/win-library/4.4","1.41.0",NA,NA,"parallel, tools, utils",NA,"commonmark, base64enc",NA,"LGPL (>= 2.1)",NA,NA,NA,NA,"yes","4.4.2"
"party","C:/Users/lenovo/AppData/Local/R/win-library/4.4","1.3-17",NA,"R (>= 3.0.0), methods, grid, stats, mvtnorm (>= 1.0-2),
modeltools (>= 0.2-21), strucchange","survival (>= 2.37-7), coin (>= 1.1-0), zoo, sandwich (>=
1.1-1)","mvtnorm","TH.data (>= 1.0-3), mlbench, colorspace, MASS, vcd, ipred,
varImp, randomForest",NA,"GPL-2",NA,NA,NA,NA,"yes","4.4.2"
"patchwork","C:/Users/lenovo/AppData/Local/R/win-library/4.4","1.3.0",NA,NA,"ggplot2 (>= 3.0.0), gtable, grid, stats, grDevices, utils,
graphics, rlang (>= 1.0.0), cli, farver",NA,"knitr, rmarkdown, gridGraphics, gridExtra, ragg, testthat (>=
2.1.0), vdiffr, covr, png, gt (>= 0.11.0)",NA,"MIT + file LICENSE",NA,NA,NA,NA,"no","4.4.2"
"pillar","C:/Users/lenovo/AppData/Local/R/win-library/4.4","1.10.1",NA,NA,"cli (>= 2.3.0), glue, lifecycle, rlang (>= 1.0.2), utf8 (>=
1.1.0), utils, vctrs (>= 0.5.0)",NA,"bit64, DBI, debugme, DiagrammeR, dplyr, formattable, ggplot2,
knitr, lubridate, nanotime, nycflights13, palmerpenguins,
rmarkdown, scales, stringi, survival, testthat (>= 3.1.1),
tibble, units (>= 0.7.2), vdiffr, withr",NA,"MIT + file LICENSE",NA,NA,NA,NA,"no","4.4.2"
"pkgconfig","C:/Users/lenovo/AppData/Local/R/win-library/4.4","2.0.3",NA,NA,"utils",NA,"covr, testthat, disposables (>= 1.0.3)",NA,"MIT + file LICENSE",NA,NA,NA,NA,"no","4.4.2"
"plotly","C:/Users/lenovo/AppData/Local/R/win-library/4.4","4.10.4",NA,"R (>= 3.2.0), ggplot2 (>= 3.0.0)","tools, scales, httr (>= 1.3.0), jsonlite (>= 1.6), magrittr,
digest, viridisLite, base64enc, htmltools (>= 0.3.6),
htmlwidgets (>= 1.5.2.9001), tidyr (>= 1.0.0), RColorBrewer,
dplyr, vctrs, tibble, lazyeval (>= 0.2.0), rlang (>= 0.4.10),
crosstalk, purrr, data.table, promises",NA,"MASS, maps, hexbin, ggthemes, GGally, ggalluvial, testthat,
knitr, shiny (>= 1.1.0), shinytest (>= 1.3.0), curl, rmarkdown,
Cairo, broom, webshot, listviewer, dendextend, sf, png,
IRdisplay, processx, plotlyGeoAssets, forcats, withr,
palmerpenguins, rversions, reticulate, rsvg",NA,"MIT + file LICENSE",NA,NA,NA,NA,"no","4.4.2"
"plotrix","C:/Users/lenovo/AppData/Local/R/win-library/4.4","3.8-4",NA,"R (>= 3.5.0)","grDevices, graphics, stats, utils",NA,NA,NA,"GPL (>= 2)",NA,NA,NA,NA,"no","4.4.0"
"pls","C:/Users/lenovo/AppData/Local/R/win-library/4.4","2.8-5",NA,"R (>= 3.5.0)","grDevices, graphics, methods, stats",NA,"MASS, parallel, Rmpi, testthat, RUnit",NA,"GPL-2",NA,NA,NA,NA,"no","4.4.2"
"plyr","C:/Users/lenovo/AppData/Local/R/win-library/4.4","1.8.9",NA,"R (>= 3.1.0)","Rcpp (>= 0.11.0)","Rcpp","abind, covr, doParallel, foreach, iterators, itertools,
tcltk, testthat",NA,"MIT + file LICENSE",NA,NA,NA,NA,"yes","4.4.2"
"png","C:/Users/lenovo/AppData/Local/R/win-library/4.4","0.1-8",NA,"R (>= 2.9.0)",NA,NA,NA,NA,"GPL-2 | GPL-3",NA,NA,NA,NA,"yes","4.4.0"
"prettyunits","C:/Users/lenovo/AppData/Local/R/win-library/4.4","1.2.0",NA,"R(>= 2.10)",NA,NA,"codetools, covr, testthat",NA,"MIT + file LICENSE",NA,NA,NA,NA,"no","4.4.2"
"pROC","C:/Users/lenovo/AppData/Local/R/win-library/4.4","1.18.5",NA,"R (>= 2.14)","methods, plyr, Rcpp (>= 0.11.1)","Rcpp","microbenchmark, tcltk, MASS, logcondens, doParallel,
testthat, vdiffr, ggplot2, rlang",NA,"GPL (>= 3)",NA,NA,NA,NA,"yes","4.4.2"
"processx","C:/Users/lenovo/AppData/Local/R/win-library/4.4","3.8.5",NA,"R (>= 3.4.0)","ps (>= 1.2.0), R6, utils",NA,"callr (>= 3.7.3), cli (>= 3.3.0), codetools, covr, curl,
debugme, parallel, rlang (>= 1.0.2), testthat (>= 3.0.0),
webfakes, withr",NA,"MIT + file LICENSE",NA,NA,NA,NA,"yes","4.4.2"
"prodlim","C:/Users/lenovo/AppData/Local/R/win-library/4.4","2024.06.25",NA,"R (>= 2.9.0)","Rcpp (>= 0.11.5), stats, data.table, grDevices, graphics,
diagram, survival, KernSmooth, lava","Rcpp",NA,NA,"GPL (>= 2)",NA,NA,NA,NA,"yes","4.4.2"
"progress","C:/Users/lenovo/AppData/Local/R/win-library/4.4","1.2.3",NA,"R (>= 3.6)","crayon, hms, prettyunits, R6",NA,"Rcpp, testthat (>= 3.0.0), withr",NA,"MIT + file LICENSE",NA,NA,NA,NA,"no","4.4.2"
"progressr","C:/Users/lenovo/AppData/Local/R/win-library/4.4","0.15.1",NA,"R (>= 3.5.0)","digest, utils",NA,"graphics, tcltk, beepr, cli, crayon, pbmcapply, progress,
purrr, foreach, plyr, doFuture, future, future.apply, furrr,
ntfy, RPushbullet, rstudioapi, shiny, commonmark, base64enc,
tools",NA,"GPL (>= 3)",NA,NA,NA,NA,"no","4.4.2"
"proj4","C:/Users/lenovo/AppData/Local/R/win-library/4.4","1.0-14",NA,"R (>= 2.0.0)",NA,NA,NA,NA,"GPL-2",NA,NA,NA,NA,"yes","4.4.0"
"promises","C:/Users/lenovo/AppData/Local/R/win-library/4.4","1.3.2",NA,NA,"fastmap (>= 1.1.0), later, magrittr (>= 1.5), R6, Rcpp, rlang,
stats","later, Rcpp","future (>= 1.21.0), knitr, purrr, rmarkdown, spelling,
testthat, vembedr",NA,"MIT + file LICENSE",NA,NA,NA,NA,"yes","4.4.2"
"proxy","C:/Users/lenovo/AppData/Local/R/win-library/4.4","0.4-27",NA,"R (>= 3.4.0)","stats, utils",NA,"cba",NA,"GPL-2",NA,NA,NA,NA,"yes","4.4.2"
"ps","C:/Users/lenovo/AppData/Local/R/win-library/4.4","1.8.1",NA,"R (>= 3.4)","utils",NA,"callr, covr, curl, pillar, pingr, processx (>= 3.1.0), R6,
rlang, testthat (>= 3.0.0), webfakes, withr",NA,"MIT + file LICENSE",NA,NA,NA,NA,"yes","4.4.2"
"purrr","C:/Users/lenovo/AppData/Local/R/win-library/4.4","1.0.2",NA,"R (>= 3.5.0)","cli (>= 3.6.1), lifecycle (>= 1.0.3), magrittr (>= 1.5.0),
rlang (>= 1.1.1), vctrs (>= 0.6.3)","cli","covr, dplyr (>= 0.7.8), httr, knitr, lubridate, rmarkdown,
testthat (>= 3.0.0), tibble, tidyselect",NA,"MIT + file LICENSE",NA,NA,NA,NA,"yes","4.4.2"
"R6","C:/Users/lenovo/AppData/Local/R/win-library/4.4","2.5.1",NA,"R (>= 3.0)",NA,NA,"testthat, pryr",NA,"MIT + file LICENSE",NA,NA,NA,NA,"no","4.4.2"
"ragg","C:/Users/lenovo/AppData/Local/R/win-library/4.4","1.3.3",NA,NA,"systemfonts (>= 1.0.3), textshaping (>= 0.3.0)","systemfonts, textshaping","covr, graphics, grid, testthat (>= 3.0.0)",NA,"MIT + file LICENSE",NA,NA,NA,NA,"yes","4.4.2"
"randomForest","C:/Users/lenovo/AppData/Local/R/win-library/4.4","4.7-1.2",NA,"R (>= 4.1.0), stats",NA,NA,"RColorBrewer, MASS",NA,"GPL (>= 2)",NA,NA,NA,NA,"yes","4.4.2"
"rappdirs","C:/Users/lenovo/AppData/Local/R/win-library/4.4","0.3.3",NA,"R (>= 3.2)",NA,NA,"roxygen2, testthat (>= 3.0.0), covr, withr",NA,"MIT + file LICENSE",NA,NA,NA,NA,"yes","4.4.2"
"RColorBrewer","C:/Users/lenovo/AppData/Local/R/win-library/4.4","1.1-3",NA,"R (>= 2.0.0)",NA,NA,NA,NA,"Apache License 2.0",NA,NA,NA,NA,"no","4.4.0"
"Rcpp","C:/Users/lenovo/AppData/Local/R/win-library/4.4","1.0.14",NA,NA,"methods, utils",NA,"tinytest, inline, rbenchmark, pkgKitten (>= 0.1.2)",NA,"GPL (>= 2)",NA,NA,NA,NA,"yes","4.4.2"
"RcppEigen","C:/Users/lenovo/AppData/Local/R/win-library/4.4","0.3.4.0.2",NA,"R (>= 3.6.0)","Rcpp (>= 0.11.0), stats, utils","Rcpp","Matrix, inline, tinytest, pkgKitten, microbenchmark",NA,"GPL (>= 2) | file LICENSE",NA,NA,NA,NA,"yes","4.4.2"
"RcppTOML","C:/Users/lenovo/AppData/Local/R/win-library/4.4","0.2.2",NA,"R (>= 3.3.0)","Rcpp (>= 0.11.5)","Rcpp","tinytest",NA,"GPL (>= 2)",NA,NA,NA,NA,"yes","4.4.2"
"readr","C:/Users/lenovo/AppData/Local/R/win-library/4.4","2.1.5",NA,"R (>= 3.6)","cli (>= 3.2.0), clipr, crayon, hms (>= 0.4.1), lifecycle (>=
0.2.0), methods, R6, rlang, tibble, utils, vroom (>= 1.6.0)","cpp11, tzdb (>= 0.1.1)","covr, curl, datasets, knitr, rmarkdown, spelling, stringi,
testthat (>= 3.2.0), tzdb (>= 0.1.1), waldo, withr, xml2",NA,"MIT + file LICENSE",NA,NA,NA,NA,"yes","4.4.2"
"readxl","C:/Users/lenovo/AppData/Local/R/win-library/4.4","1.4.3",NA,"R (>= 3.6)","cellranger, tibble (>= 2.0.1), utils","cpp11 (>= 0.4.0), progress","covr, knitr, rmarkdown, testthat (>= 3.1.6), withr",NA,"MIT + file LICENSE",NA,NA,NA,NA,"yes","4.4.2"
"recipes","C:/Users/lenovo/AppData/Local/R/win-library/4.4","1.1.0",NA,"dplyr (>= 1.1.0), R (>= 3.6)","cli, clock (>= 0.6.1), generics (>= 0.1.2), glue, gower,
hardhat (>= 1.4.0), ipred (>= 0.9-12), lifecycle (>= 1.0.3),
lubridate (>= 1.8.0), magrittr, Matrix, purrr (>= 1.0.0), rlang
(>= 1.1.0), stats, tibble, tidyr (>= 1.0.0), tidyselect (>=
1.2.0), timeDate, utils, vctrs (>= 0.5.0), withr",NA,"covr, ddalpha, dials (>= 1.2.0), ggplot2, igraph, kernlab,
knitr, modeldata (>= 0.1.1), parsnip (>= 1.2.0), RANN,
RcppRoll, rmarkdown, rpart, rsample, RSpectra, splines2,
testthat (>= 3.0.0), workflows, xml2",NA,"MIT + file LICENSE",NA,NA,NA,NA,"no","4.4.2"
"rematch","C:/Users/lenovo/AppData/Local/R/win-library/4.4","2.0.0",NA,NA,NA,NA,"covr, testthat",NA,"MIT + file LICENSE",NA,NA,NA,NA,"no","4.4.2"
"rematch2","C:/Users/lenovo/AppData/Local/R/win-library/4.4","2.1.2",NA,NA,"tibble",NA,"covr, testthat",NA,"MIT + file LICENSE",NA,NA,NA,NA,"no","4.4.2"
"reprex","C:/Users/lenovo/AppData/Local/R/win-library/4.4","2.1.1",NA,"R (>= 3.6)","callr (>= 3.6.0), cli (>= 3.2.0), clipr (>= 0.4.0), fs, glue,
knitr (>= 1.23), lifecycle, rlang (>= 1.0.0), rmarkdown,
rstudioapi, utils, withr (>= 2.3.0)",NA,"covr, fortunes, miniUI, rprojroot, sessioninfo, shiny,
spelling, styler (>= 1.2.0), testthat (>= 3.2.1)",NA,"MIT + file LICENSE",NA,NA,NA,NA,"no","4.4.2"
"reshape2","C:/Users/lenovo/AppData/Local/R/win-library/4.4","1.4.4",NA,"R (>= 3.1)","plyr (>= 1.8.1), Rcpp, stringr","Rcpp","covr, lattice, testthat (>= 0.8.0)",NA,"MIT + file LICENSE",NA,NA,NA,NA,"yes","4.4.2"
"reticulate","C:/Users/lenovo/AppData/Local/R/win-library/4.4","1.40.0",NA,"R (>= 3.5)","Matrix, Rcpp (>= 1.0.7), RcppTOML, graphics, here, jsonlite,
methods, png, rappdirs, utils, rlang, withr","Rcpp","callr, knitr, glue, cli, rmarkdown, pillar, testthat",NA,"Apache License 2.0",NA,NA,NA,NA,"yes","4.4.2"
"rgl","C:/Users/lenovo/AppData/Local/R/win-library/4.4","1.3.17",NA,"R (>= 3.6.0)","graphics, grDevices, stats, utils, htmlwidgets (>= 1.6.0),
htmltools, knitr (>= 1.33), jsonlite (>= 0.9.20), magrittr, R6,
base64enc, mime",NA,"MASS, markdown (>= 1.12), rmarkdown (>= 2.16), deldir (>=
1.0-4), orientlib, lattice, misc3d, magick, plotrix (>= 3.7-3),
tripack, interp, alphashape3d, tcltk, js (>= 1.2), webshot2 (>=
0.1.0), downlit (>= 0.4.0), pkgdown (>= 2.0.0), extrafont,
shiny, manipulateWidget (>= 0.9.0), testthat, crosstalk, V8,
chromote, jpeg, png","waldo","GPL",NA,NA,NA,NA,"yes","4.4.2"
"rlang","C:/Users/lenovo/AppData/Local/R/win-library/4.4","1.1.5",NA,"R (>= 3.5.0)","utils",NA,"cli (>= 3.1.0), covr, crayon, fs, glue, knitr, magrittr,
methods, pillar, rmarkdown, stats, testthat (>= 3.0.0), tibble,
usethis, vctrs (>= 0.2.3), withr","winch","MIT + file LICENSE",NA,NA,NA,NA,"yes","4.4.2"
"rlist","C:/Users/lenovo/AppData/Local/R/win-library/4.4","0.4.6.2",NA,"R (>= 2.15)","yaml, jsonlite, XML, data.table",NA,"testthat, stringdist",NA,"MIT + file LICENSE",NA,NA,NA,NA,"no","4.4.2"
"rmarkdown","C:/Users/lenovo/AppData/Local/R/win-library/4.4","2.29",NA,"R (>= 3.0)","bslib (>= 0.2.5.1), evaluate (>= 0.13), fontawesome (>=
0.5.0), htmltools (>= 0.5.1), jquerylib, jsonlite, knitr (>=
1.43), methods, tinytex (>= 0.31), tools, utils, xfun (>=
0.36), yaml (>= 2.1.19)",NA,"digest, dygraphs, fs, rsconnect, downlit (>= 0.4.0), katex
(>= 1.4.0), sass (>= 0.4.0), shiny (>= 1.6.0), testthat (>=
3.0.3), tibble, vctrs, cleanrmd, withr (>= 2.4.2), xml2",NA,"GPL-3",NA,NA,NA,NA,"no","4.4.2"
"rminer","C:/Users/lenovo/AppData/Local/R/win-library/4.4","1.4.8",NA,NA,"methods, plotrix, lattice, nnet, kknn, pls, MASS, mda, rpart,
randomForest, adabag, party, Cubist, kernlab, e1071, glmnet,
xgboost",NA,NA,NA,"GPL-2",NA,NA,NA,NA,"no","4.4.2"
"ROSE","C:/Users/lenovo/AppData/Local/R/win-library/4.4","0.0-4",NA,NA,NA,NA,"MASS, nnet, rpart, tree",NA,"GPL-2",NA,NA,NA,NA,"no","4.4.2"
"rprojroot","C:/Users/lenovo/AppData/Local/R/win-library/4.4","2.0.4",NA,"R (>= 3.0.0)",NA,NA,"covr, knitr, lifecycle, mockr, rlang, rmarkdown, testthat (>=
3.0.0), withr",NA,"MIT + file LICENSE",NA,NA,NA,NA,"no","4.4.2"
"rstudioapi","C:/Users/lenovo/AppData/Local/R/win-library/4.4","0.17.1",NA,NA,NA,NA,"testthat, knitr, rmarkdown, clipr, covr",NA,"MIT + file LICENSE",NA,NA,NA,NA,"no","4.4.2"
"Rttf2pt1","C:/Users/lenovo/AppData/Local/R/win-library/4.4","1.3.12",NA,"R (>= 2.15)",NA,NA,NA,NA,"file LICENSE","yes",NA,NA,NA,"yes","4.4.0"
"rvest","C:/Users/lenovo/AppData/Local/R/win-library/4.4","1.0.4",NA,"R (>= 3.6)","cli, glue, httr (>= 0.5), lifecycle (>= 1.0.3), magrittr,
rlang (>= 1.1.0), selectr, tibble, xml2 (>= 1.3)",NA,"chromote, covr, knitr, R6, readr, repurrrsive, rmarkdown,
spelling, stringi (>= 0.3.1), testthat (>= 3.0.2), webfakes",NA,"MIT + file LICENSE",NA,NA,NA,NA,"no","4.4.2"
"sandwich","C:/Users/lenovo/AppData/Local/R/win-library/4.4","3.1-1",NA,"R (>= 3.0.0)","stats, utils, zoo",NA,"AER, car, geepack, lattice, lme4, lmtest, MASS, multiwayvcov,
parallel, pcse, plm, pscl, scatterplot3d, stats4, strucchange,
survival",NA,"GPL-2 | GPL-3",NA,NA,NA,NA,"no","4.4.2"
"sass","C:/Users/lenovo/AppData/Local/R/win-library/4.4","0.4.9",NA,NA,"fs (>= 1.2.4), rlang (>= 0.4.10), htmltools (>= 0.5.1), R6,
rappdirs",NA,"testthat, knitr, rmarkdown, withr, shiny, curl",NA,"MIT + file LICENSE",NA,NA,NA,NA,"yes","4.4.2"
"scales","C:/Users/lenovo/AppData/Local/R/win-library/4.4","1.3.0",NA,"R (>= 3.6)","cli, farver (>= 2.0.3), glue, labeling, lifecycle, munsell (>=
0.5), R6, RColorBrewer, rlang (>= 1.0.0), viridisLite",NA,"bit64, covr, dichromat, ggplot2, hms (>= 0.5.0), stringi,
testthat (>= 3.0.0)",NA,"MIT + file LICENSE",NA,NA,NA,NA,"yes","4.4.2"
"selectr","C:/Users/lenovo/AppData/Local/R/win-library/4.4","0.4-2",NA,"R (>= 3.0)","methods, stringr, R6",NA,"testthat, XML, xml2",NA,"BSD_3_clause + file LICENCE",NA,NA,NA,NA,"no","4.4.2"
"shape","C:/Users/lenovo/AppData/Local/R/win-library/4.4","1.4.6.1",NA,"R (>= 2.01)","stats, graphics, grDevices",NA,NA,NA,"GPL (>= 3)",NA,NA,NA,NA,"no","4.4.0"
"snakecase","C:/Users/lenovo/AppData/Local/R/win-library/4.4","0.11.1",NA,"R (>= 3.2)","stringr, stringi",NA,"testthat, covr, tibble, purrrlyr, knitr, rmarkdown, magrittr",NA,"GPL-3",NA,NA,NA,NA,"no","4.4.2"
"SQUAREM","C:/Users/lenovo/AppData/Local/R/win-library/4.4","2021.1",NA,"R (>= 3.0)",NA,NA,"setRNG",NA,"GPL (>= 2)",NA,NA,NA,NA,"no","4.4.0"
"stringi","C:/Users/lenovo/AppData/Local/R/win-library/4.4","1.8.4",NA,"R (>= 3.4)","tools, utils, stats",NA,NA,NA,"file LICENSE","yes",NA,NA,NA,"yes","4.4.0"
"stringr","C:/Users/lenovo/AppData/Local/R/win-library/4.4","1.5.1",NA,"R (>= 3.6)","cli, glue (>= 1.6.1), lifecycle (>= 1.0.3), magrittr, rlang
(>= 1.0.0), stringi (>= 1.5.3), vctrs (>= 0.4.0)",NA,"covr, dplyr, gt, htmltools, htmlwidgets, knitr, rmarkdown,
testthat (>= 3.0.0), tibble",NA,"MIT + file LICENSE",NA,NA,NA,NA,"no","4.4.2"
"strucchange","C:/Users/lenovo/AppData/Local/R/win-library/4.4","1.5-4",NA,"R (>= 2.10.0), zoo, sandwich","graphics, stats, utils",NA,"stats4, car, dynlm, e1071, foreach, lmtest, mvtnorm, tseries",NA,"GPL-2 | GPL-3",NA,NA,NA,NA,"yes","4.4.2"
"sys","C:/Users/lenovo/AppData/Local/R/win-library/4.4","3.4.3",NA,NA,NA,NA,"unix (>= 1.4), spelling, testthat",NA,"MIT + file LICENSE",NA,NA,NA,NA,"yes","4.4.2"
"systemfonts","C:/Users/lenovo/AppData/Local/R/win-library/4.4","1.2.1",NA,"R (>= 3.2.0)","grid, jsonlite, lifecycle, tools, utils","cpp11 (>= 0.2.1)","covr, farver, graphics, knitr, rmarkdown, testthat (>= 2.1.0)",NA,"MIT + file LICENSE",NA,NA,NA,NA,"yes","4.4.2"
"textshaping","C:/Users/lenovo/AppData/Local/R/win-library/4.4","1.0.0",NA,"R (>= 3.2.0)","lifecycle, stats, stringi, systemfonts (>= 1.1.0), utils","cpp11 (>= 0.2.1), systemfonts (>= 1.0.0)","covr, grDevices, grid, knitr, rmarkdown, testthat (>= 3.0.0)",NA,"MIT + file LICENSE",NA,NA,NA,NA,"yes","4.4.2"
"TH.data","C:/Users/lenovo/AppData/Local/R/win-library/4.4","1.1-3",NA,"R (>= 3.5.0), survival, MASS",NA,NA,"trtf, tram, rms, coin, ATR, multcomp, gridExtra, vcd,
colorspace, lattice, knitr",NA,"GPL-3",NA,NA,NA,NA,"no","4.4.2"
"tibble","C:/Users/lenovo/AppData/Local/R/win-library/4.4","3.2.1",NA,"R (>= 3.4.0)","fansi (>= 0.4.0), lifecycle (>= 1.0.0), magrittr, methods,
pillar (>= 1.8.1), pkgconfig, rlang (>= 1.0.2), utils, vctrs
(>= 0.4.2)",NA,"bench, bit64, blob, brio, callr, cli, covr, crayon (>=
1.3.4), DiagrammeR, dplyr, evaluate, formattable, ggplot2,
here, hms, htmltools, knitr, lubridate, mockr, nycflights13,
pkgbuild, pkgload, purrr, rmarkdown, stringi, testthat (>=
3.0.2), tidyr, withr",NA,"MIT + file LICENSE",NA,NA,NA,NA,"yes","4.4.2"
"tidyr","C:/Users/lenovo/AppData/Local/R/win-library/4.4","1.3.1",NA,"R (>= 3.6)","cli (>= 3.4.1), dplyr (>= 1.0.10), glue, lifecycle (>= 1.0.3),
magrittr, purrr (>= 1.0.1), rlang (>= 1.1.1), stringr (>=
1.5.0), tibble (>= 2.1.1), tidyselect (>= 1.2.0), utils, vctrs
(>= 0.5.2)","cpp11 (>= 0.4.0)","covr, data.table, knitr, readr, repurrrsive (>= 1.1.0),
rmarkdown, testthat (>= 3.0.0)",NA,"MIT + file LICENSE",NA,NA,NA,NA,"yes","4.4.2"
"tidyselect","C:/Users/lenovo/AppData/Local/R/win-library/4.4","1.2.1",NA,"R (>= 3.4)","cli (>= 3.3.0), glue (>= 1.3.0), lifecycle (>= 1.0.3), rlang
(>= 1.0.4), vctrs (>= 0.5.2), withr",NA,"covr, crayon, dplyr, knitr, magrittr, rmarkdown, stringr,
testthat (>= 3.1.1), tibble (>= 2.1.3)",NA,"MIT + file LICENSE",NA,NA,NA,NA,"yes","4.4.2"
"tidyverse","C:/Users/lenovo/AppData/Local/R/win-library/4.4","2.0.0",NA,"R (>= 3.3)","broom (>= 1.0.3), conflicted (>= 1.2.0), cli (>= 3.6.0),
dbplyr (>= 2.3.0), dplyr (>= 1.1.0), dtplyr (>= 1.2.2), forcats
(>= 1.0.0), ggplot2 (>= 3.4.1), googledrive (>= 2.0.0),
googlesheets4 (>= 1.0.1), haven (>= 2.5.1), hms (>= 1.1.2),
httr (>= 1.4.4), jsonlite (>= 1.8.4), lubridate (>= 1.9.2),
magrittr (>= 2.0.3), modelr (>= 0.1.10), pillar (>= 1.8.1),
purrr (>= 1.0.1), ragg (>= 1.2.5), readr (>= 2.1.4), readxl (>=
1.4.2), reprex (>= 2.0.2), rlang (>= 1.0.6), rstudioapi (>=
0.14), rvest (>= 1.0.3), stringr (>= 1.5.0), tibble (>= 3.1.8),
tidyr (>= 1.3.0), xml2 (>= 1.3.3)",NA,"covr (>= 3.6.1), feather (>= 0.3.5), glue (>= 1.6.2), mockr
(>= 0.2.0), knitr (>= 1.41), rmarkdown (>= 2.20), testthat (>=
3.1.6)",NA,"MIT + file LICENSE",NA,NA,NA,NA,"no","4.4.2"
"timechange","C:/Users/lenovo/AppData/Local/R/win-library/4.4","0.3.0",NA,"R (>= 3.3)",NA,"cpp11 (>= 0.2.7)","testthat (>= 0.7.1.99), knitr",NA,"GPL (>= 3)",NA,NA,NA,NA,"yes","4.4.2"
"timeDate","C:/Users/lenovo/AppData/Local/R/win-library/4.4","4041.110",NA,"R (>= 3.6.0), methods","graphics, utils, stats",NA,"RUnit",NA,"GPL (>= 2)",NA,NA,NA,NA,"no","4.4.2"
"tinytex","C:/Users/lenovo/AppData/Local/R/win-library/4.4","0.54",NA,NA,"xfun (>= 0.48)",NA,"testit, rstudioapi",NA,"MIT + file LICENSE",NA,NA,NA,NA,"no","4.4.2"
"tzdb","C:/Users/lenovo/AppData/Local/R/win-library/4.4","0.4.0",NA,"R (>= 3.5.0)",NA,"cpp11 (>= 0.4.2)","covr, testthat (>= 3.0.0)",NA,"MIT + file LICENSE",NA,NA,NA,NA,"yes","4.4.2"
"utf8","C:/Users/lenovo/AppData/Local/R/win-library/4.4","1.2.4",NA,"R (>= 2.10)",NA,NA,"cli, covr, knitr, rlang, rmarkdown, testthat (>= 3.0.0),
withr",NA,"Apache License (== 2.0) | file LICENSE",NA,NA,NA,NA,"yes","4.4.2"
"uuid","C:/Users/lenovo/AppData/Local/R/win-library/4.4","1.2-1",NA,"R (>= 2.9.0)",NA,NA,NA,NA,"MIT + file LICENSE",NA,NA,NA,NA,"yes","4.4.1"
"vctrs","C:/Users/lenovo/AppData/Local/R/win-library/4.4","0.6.5",NA,"R (>= 3.5.0)","cli (>= 3.4.0), glue, lifecycle (>= 1.0.3), rlang (>= 1.1.0)",NA,"bit64, covr, crayon, dplyr (>= 0.8.5), generics, knitr,
pillar (>= 1.4.4), pkgdown (>= 2.0.1), rmarkdown, testthat (>=
3.0.0), tibble (>= 3.1.3), waldo (>= 0.2.0), withr, xml2,
zeallot",NA,"MIT + file LICENSE",NA,NA,NA,NA,"yes","4.4.2"
"viridis","C:/Users/lenovo/AppData/Local/R/win-library/4.4","0.6.5",NA,"R (>= 2.10), viridisLite (>= 0.4.0)","ggplot2 (>= 1.0.1), gridExtra",NA,"hexbin (>= 1.27.0), scales, MASS, knitr, dichromat,
colorspace, httr, mapproj, vdiffr, svglite (>= 1.2.0),
testthat, covr, rmarkdown, maps, terra",NA,"MIT + file LICENSE",NA,NA,NA,NA,"no","4.4.2"
"viridisLite","C:/Users/lenovo/AppData/Local/R/win-library/4.4","0.4.2",NA,"R (>= 2.10)",NA,NA,"hexbin (>= 1.27.0), ggplot2 (>= 1.0.1), testthat, covr",NA,"MIT + file LICENSE",NA,NA,NA,NA,"no","4.4.2"
"visNetwork","C:/Users/lenovo/AppData/Local/R/win-library/4.4","2.1.2",NA,"R (>= 3.0)","htmlwidgets, htmltools, jsonlite, magrittr, utils, methods,
grDevices, stats",NA,"knitr, rmarkdown, webshot, igraph, rpart, shiny,
shinyWidgets, colourpicker, sparkline, ggraph, tidygraph,
flashClust",NA,"MIT + file LICENSE",NA,NA,NA,NA,"no","4.4.2"
"vroom","C:/Users/lenovo/AppData/Local/R/win-library/4.4","1.6.5",NA,"R (>= 3.6)","bit64, cli (>= 3.2.0), crayon, glue, hms, lifecycle (>=
1.0.3), methods, rlang (>= 0.4.2), stats, tibble (>= 2.0.0),
tidyselect, tzdb (>= 0.1.1), vctrs (>= 0.2.0), withr","cpp11 (>= 0.2.0), progress (>= 1.2.1), tzdb (>= 0.1.1)","archive, bench (>= 1.1.0), covr, curl, dplyr, forcats, fs,
ggplot2, knitr, patchwork, prettyunits, purrr, rmarkdown,
rstudioapi, scales, spelling, testthat (>= 2.1.0), tidyr,
utils, waldo, xml2",NA,"MIT + file LICENSE",NA,NA,NA,NA,"yes","4.4.2"
"waldo","C:/Users/lenovo/AppData/Local/R/win-library/4.4","0.6.1",NA,"R (>= 4.0)","cli, diffobj (>= 0.3.4), glue, methods, rlang (>= 1.1.0)",NA,"bit64, R6, S7, testthat (>= 3.0.0), withr, xml2",NA,"MIT + file LICENSE",NA,NA,NA,NA,"no","4.4.2"
"withr","C:/Users/lenovo/AppData/Local/R/win-library/4.4","3.0.2",NA,"R (>= 3.6.0)","graphics, grDevices",NA,"callr, DBI, knitr, methods, rlang, rmarkdown (>= 2.12),
RSQLite, testthat (>= 3.0.0)",NA,"MIT + file LICENSE",NA,NA,NA,NA,"no","4.4.2"
"xfun","C:/Users/lenovo/AppData/Local/R/win-library/4.4","0.50",NA,"R (>= 3.2.0)","grDevices, stats, tools",NA,"testit, parallel, codetools, methods, rstudioapi, tinytex (>=
0.30), mime, litedown (>= 0.4), commonmark, knitr (>= 1.47),
remotes, pak, rhub, renv, curl, xml2, jsonlite, magick, yaml,
qs, rmarkdown",NA,"MIT + file LICENSE",NA,NA,NA,NA,"yes","4.4.2"
"xgboost","C:/Users/lenovo/AppData/Local/R/win-library/4.4","1.7.8.1",NA,"R (>= 3.3.0)","Matrix (>= 1.1-0), methods, data.table (>= 1.9.6), jsonlite
(>= 1.0),",NA,"knitr, rmarkdown, ggplot2 (>= 1.0.1), DiagrammeR (>= 0.9.0),
Ckmeans.1d.dp (>= 3.3.1), vcd (>= 1.3), testthat, lintr, igraph
(>= 1.0.1), float, crayon, titanic",NA,"Apache License (== 2.0) | file LICENSE",NA,NA,NA,NA,"yes","4.4.2"
"XML","C:/Users/lenovo/AppData/Local/R/win-library/4.4","3.99-0.18",NA,"R (>= 4.0.0), methods, utils",NA,NA,"bitops, RCurl",NA,"BSD_3_clause + file LICENSE",NA,NA,NA,NA,"yes","4.4.2"
"xml2","C:/Users/lenovo/AppData/Local/R/win-library/4.4","1.3.6",NA,"R (>= 3.6.0)","cli, methods, rlang (>= 1.1.0)",NA,"covr, curl, httr, knitr, magrittr, mockery, rmarkdown,
testthat (>= 3.0.0)",NA,"MIT + file LICENSE",NA,NA,NA,NA,"yes","4.4.2"
"yaml","C:/Users/lenovo/AppData/Local/R/win-library/4.4","2.3.10",NA,NA,NA,NA,"RUnit",NA,"BSD_3_clause + file LICENSE",NA,NA,NA,NA,"yes","4.4.2"
"zoo","C:/Users/lenovo/AppData/Local/R/win-library/4.4","1.8-12",NA,"R (>= 3.1.0), stats","utils, graphics, grDevices, lattice (>= 0.20-27)",NA,"AER, coda, chron, ggplot2 (>= 3.0.0), mondate, scales,
stinepack, strucchange, timeDate, timeSeries, tis, tseries, xts",NA,"GPL-2 | GPL-3",NA,NA,NA,NA,"yes","4.4.2"
"base","C:/Program Files/R/R-4.4.2/library","4.4.2","base",NA,NA,NA,"methods","chron, date, round","Part of R 4.4.2",NA,NA,NA,NA,NA,"4.4.2"
"boot","C:/Program Files/R/R-4.4.2/library","1.3-31","recommended","R (>= 3.0.0), graphics, stats",NA,NA,"MASS, survival",NA,"Unlimited",NA,NA,NA,NA,"no","4.4.2"
"class","C:/Program Files/R/R-4.4.2/library","7.3-22","recommended","R (>= 3.0.0), stats, utils","MASS",NA,NA,NA,"GPL-2 | GPL-3",NA,NA,NA,NA,"yes","4.4.2"
"cluster","C:/Program Files/R/R-4.4.2/library","2.1.6","recommended","R (>= 3.5.0)","graphics, grDevices, stats, utils",NA,"MASS, Matrix","mvoutlier, fpc, ellipse, sfsmisc","GPL (>= 2)",NA,NA,NA,NA,"yes","4.4.2"
"codetools","C:/Program Files/R/R-4.4.2/library","0.2-20","recommended","R (>= 2.1)",NA,NA,NA,NA,"GPL",NA,NA,NA,NA,"no","4.4.2"
"compiler","C:/Program Files/R/R-4.4.2/library","4.4.2","base",NA,NA,NA,NA,NA,"Part of R 4.4.2",NA,NA,NA,NA,NA,"4.4.2"
"datasets","C:/Program Files/R/R-4.4.2/library","4.4.2","base",NA,NA,NA,NA,NA,"Part of R 4.4.2",NA,NA,NA,NA,NA,"4.4.2"
"foreign","C:/Program Files/R/R-4.4.2/library","0.8-87","recommended","R (>= 4.0.0)","methods, utils, stats",NA,NA,NA,"GPL (>= 2)",NA,NA,NA,NA,"yes","4.4.2"
"graphics","C:/Program Files/R/R-4.4.2/library","4.4.2","base",NA,"grDevices",NA,NA,"vcd","Part of R 4.4.2",NA,NA,NA,NA,"yes","4.4.2"
"grDevices","C:/Program Files/R/R-4.4.2/library","4.4.2","base",NA,NA,NA,"KernSmooth",NA,"Part of R 4.4.2",NA,NA,NA,NA,"yes","4.4.2"
"grid","C:/Program Files/R/R-4.4.2/library","4.4.2","base",NA,"grDevices, utils",NA,NA,NA,"Part of R 4.4.2",NA,NA,NA,NA,"yes","4.4.2"
"KernSmooth","C:/Program Files/R/R-4.4.2/library","2.23-24","recommended","R (>= 2.5.0), stats",NA,NA,"MASS, carData",NA,"Unlimited",NA,NA,NA,NA,"yes","4.4.2"
"lattice","C:/Program Files/R/R-4.4.2/library","0.22-6","recommended","R (>= 4.0.0)","grid, grDevices, graphics, stats, utils",NA,"KernSmooth, MASS, latticeExtra, colorspace","chron, zoo","GPL (>= 2)",NA,NA,NA,NA,"yes","4.4.2"
"MASS","C:/Program Files/R/R-4.4.2/library","7.3-61","recommended","R (>= 4.4.0), grDevices, graphics, stats, utils","methods",NA,"lattice, nlme, nnet, survival",NA,"GPL-2 | GPL-3",NA,NA,NA,NA,"yes","4.4.2"
"Matrix","C:/Program Files/R/R-4.4.2/library","1.7-1","recommended","R (>= 4.4.0), methods","grDevices, graphics, grid, lattice, stats, utils",NA,"MASS, datasets, sfsmisc, tools","SparseM, graph","GPL (>= 2) | file LICENCE",NA,NA,NA,NA,"yes","4.4.2"
"methods","C:/Program Files/R/R-4.4.2/library","4.4.2","base",NA,"utils, stats",NA,"codetools",NA,"Part of R 4.4.2",NA,NA,NA,NA,"yes","4.4.2"
"mgcv","C:/Program Files/R/R-4.4.2/library","1.9-1","recommended","R (>= 3.6.0), nlme (>= 3.1-64)","methods, stats, graphics, Matrix, splines, utils",NA,"parallel, survival, MASS",NA,"GPL (>= 2)",NA,NA,NA,NA,"yes","4.4.2"
"nlme","C:/Program Files/R/R-4.4.2/library","3.1-166","recommended","R (>= 3.6.0)","graphics, stats, utils, lattice",NA,"MASS, SASmixed",NA,"GPL (>= 2)",NA,NA,NA,NA,"yes","4.4.2"
"nnet","C:/Program Files/R/R-4.4.2/library","7.3-19","recommended","R (>= 3.0.0), stats, utils",NA,NA,"MASS",NA,"GPL-2 | GPL-3",NA,NA,NA,NA,"yes","4.4.2"
"parallel","C:/Program Files/R/R-4.4.2/library","4.4.2","base",NA,"tools, compiler",NA,"methods","snow, Rmpi","Part of R 4.4.2",NA,NA,NA,NA,"yes","4.4.2"
"rpart","C:/Program Files/R/R-4.4.2/library","4.1.23","recommended","R (>= 2.15.0), graphics, stats, grDevices",NA,NA,"survival",NA,"GPL-2 | GPL-3",NA,NA,NA,NA,"yes","4.4.2"
"spatial","C:/Program Files/R/R-4.4.2/library","7.3-17","recommended","R (>= 3.0.0), graphics, stats, utils",NA,NA,"MASS",NA,"GPL-2 | GPL-3",NA,NA,NA,NA,"yes","4.4.2"
"splines","C:/Program Files/R/R-4.4.2/library","4.4.2","base",NA,"graphics, stats",NA,"Matrix, methods",NA,"Part of R 4.4.2",NA,NA,NA,NA,"yes","4.4.2"
"stats","C:/Program Files/R/R-4.4.2/library","4.4.2","base",NA,"utils, grDevices, graphics",NA,"MASS, Matrix, SuppDists, methods, stats4","Kendall, coin, multcomp, pcaPP, pspearman, robustbase","Part of R 4.4.2",NA,NA,NA,NA,"yes","4.4.2"
"stats4","C:/Program Files/R/R-4.4.2/library","4.4.2","base",NA,"graphics, methods, stats",NA,NA,NA,"Part of R 4.4.2",NA,NA,NA,NA,NA,"4.4.2"
"survival","C:/Program Files/R/R-4.4.2/library","3.7-0","recommended","R (>= 3.5.0)","graphics, Matrix, methods, splines, stats, utils",NA,NA,NA,"LGPL (>= 2)",NA,NA,NA,NA,"yes","4.4.2"
"tcltk","C:/Program Files/R/R-4.4.2/library","4.4.2","base",NA,"utils",NA,NA,NA,"Part of R 4.4.2",NA,NA,NA,NA,"yes","4.4.2"
"tools","C:/Program Files/R/R-4.4.2/library","4.4.2","base",NA,NA,NA,"codetools, methods, xml2, curl, commonmark, knitr, xfun, mathjaxr, V8",NA,"Part of R 4.4.2",NA,NA,NA,NA,"yes","4.4.2"
"translations","C:/Program Files/R/R-4.4.2/library","4.4.2",NA,NA,NA,NA,NA,NA,"Part of R 4.4.2",NA,NA,NA,NA,NA,"4.4.2"
"utils","C:/Program Files/R/R-4.4.2/library","4.4.2","base",NA,NA,NA,"methods, xml2, commonmark, knitr, jsonlite",NA,"Part of R 4.4.2",NA,NA,NA,NA,"yes","4.4.2"
